"Jordbruk, skogbruk og fiske",03
"Jordbruk, skogbruk og fiske",01
"Jordbruk, skogbruk og fiske",02
Bergverksdrift og utvinning,07
Bergverksdrift og utvinning,05
Bergverksdrift og utvinning,06
Bergverksdrift og utvinning,09
Bergverksdrift og utvinning,08
Industri,20
Industri,29
Industri,32
Industri,22
Industri,30
Industri,21
Industri,11
Industri,23
Industri,17
Industri,28
Industri,33
Industri,12
Industri,15
Industri,14
Industri,19
Industri,25
Industri,16
Industri,24
Industri,31
Industri,10
Industri,27
Industri,18
Industri,13
Industri,26
"Vannforsyning, avløps- og renovasjonsvirksomhet",36
"Vannforsyning, avløps- og renovasjonsvirksomhet",37
"Vannforsyning, avløps- og renovasjonsvirksomhet",38
"Vannforsyning, avløps- og renovasjonsvirksomhet",39
Bygge- og anleggsvirksomhet,43
Bygge- og anleggsvirksomhet,42
Bygge- og anleggsvirksomhet,41
"Varehandel, reparasjon av motorvogner",47
"Varehandel, reparasjon av motorvogner",46
"Varehandel, reparasjon av motorvogner",45
Transport og lagring,50
Transport og lagring,51
Transport og lagring,53
Transport og lagring,49
Transport og lagring,52
Overnattings- og serveringsvirksomhet,56
Overnattings- og serveringsvirksomhet,55
Informasjon og kommunikasjon,61
Informasjon og kommunikasjon,62
Informasjon og kommunikasjon,60
Informasjon og kommunikasjon,59
Informasjon og kommunikasjon,58
Informasjon og kommunikasjon,63
Finansierings- og forsikringsvirksomhet,66
Finansierings- og forsikringsvirksomhet,64
Finansierings- og forsikringsvirksomhet,65
"Faglig, vitenskapelig og teknisk tjenesteyting",72
"Faglig, vitenskapelig og teknisk tjenesteyting",71
"Faglig, vitenskapelig og teknisk tjenesteyting",74
"Faglig, vitenskapelig og teknisk tjenesteyting",75
"Faglig, vitenskapelig og teknisk tjenesteyting",70
"Faglig, vitenskapelig og teknisk tjenesteyting",69
Forretningsmessig tjenesteyting,80
Forretningsmessig tjenesteyting,79
Forretningsmessig tjenesteyting,78
Forretningsmessig tjenesteyting,81
Forretningsmessig tjenesteyting,82
Forretningsmessig tjenesteyting,77
Helse- og sosialtjenester,87
Helse- og sosialtjenester,86
"Kulturell virksomhet, underholdning og fritidsaktiviteter",91
"Kulturell virksomhet, underholdning og fritidsaktiviteter",90
"Kulturell virksomhet, underholdning og fritidsaktiviteter",93
"Kulturell virksomhet, underholdning og fritidsaktiviteter",92
Annen tjenesteyting,95
Annen tjenesteyting,94
Annen tjenesteyting,96
"Jordbruk og tjenester tilknyttet jordbruk, jakt og viltstell",01.6
"Jordbruk og tjenester tilknyttet jordbruk, jakt og viltstell",01.2
"Jordbruk og tjenester tilknyttet jordbruk, jakt og viltstell",01.4
"Jordbruk og tjenester tilknyttet jordbruk, jakt og viltstell",01.1
Skogbruk og tjenester tilknyttet skogbruk,02.3
"Fiske, fangst og akvakultur",03.1
"Fiske, fangst og akvakultur",03.2
Produksjon av nærings- og nytelsesmidler,10.6
Produksjon av nærings- og nytelsesmidler,10.4
Produksjon av nærings- og nytelsesmidler,10.7
Produksjon av nærings- og nytelsesmidler,10.8
Produksjon av tekstiler,13.9
Produksjon av klær,14.1
Produksjon av lær og lærvarer,15.1
"Produksjon av trelast og varer av tre, kork, strå og flettematerialer, unntatt møbler",16.2
Trykking og reproduksjon av innspilte opptak,18.1
Produksjon av kjemikalier og kjemiske produkter,20.5
Produksjon av gummi- og plastprodukter,22.2
Produksjon av gummi- og plastprodukter,22.1
Produksjon av andre ikke-metallholdige mineralprodukter,23.3
Produksjon av andre ikke-metallholdige mineralprodukter,23.1
Produksjon av andre ikke-metallholdige mineralprodukter,23.9
Produksjon av andre ikke-metallholdige mineralprodukter,23.4
Produksjon av metaller,24.5
Produksjon av metaller,24.3
Produksjon av metaller,24.1
Produksjon av metaller,24.2
"Produksjon av metallvarer, unntatt maskiner og utstyr",25.6
"Produksjon av metallvarer, unntatt maskiner og utstyr",25.9
"Produksjon av metallvarer, unntatt maskiner og utstyr",25.2
"Produksjon av metallvarer, unntatt maskiner og utstyr",25.7
"Produksjon av metallvarer, unntatt maskiner og utstyr",25.3
"Produksjon av metallvarer, unntatt maskiner og utstyr",25.1
"Produksjon av metallvarer, unntatt maskiner og utstyr",25.5
Produksjon av datamaskiner og elektroniske og optiske produkter,26.5
Produksjon av elektrisk utstyr,27.5
Produksjon av elektrisk utstyr,27.3
Produksjon av elektrisk utstyr,27.1
"Produksjon av maskiner og utstyr til generell bruk, ikke nevnt annet sted",28.9
"Produksjon av maskiner og utstyr til generell bruk, ikke nevnt annet sted",28.3
"Produksjon av maskiner og utstyr til generell bruk, ikke nevnt annet sted",28.4
Produksjon av andre transportmidler,30.9
Produksjon av andre transportmidler,30.1
Annen industriproduksjon,32.1
Reparasjon og installasjon av maskiner og utstyr,33.1
"Elektrisitets-, gass-, damp- og varmtvannsforsyning",35.1
"Elektrisitets-, gass-, damp- og varmtvannsforsyning",35.2
"Innsamling, behandling, disponering og gjenvinning av avfall",38.1
"Innsamling, behandling, disponering og gjenvinning av avfall",38.2
Oppføring av bygninger,41.2
Spesialisert bygge- og anleggsvirksomhet,43.1
Spesialisert bygge- og anleggsvirksomhet,43.2
Handel med og reparasjon av motorvogner,45.3
"Agentur- og engroshandel, unntatt med motorvogner",46.6
"Agentur- og engroshandel, unntatt med motorvogner",46.1
"Agentur- og engroshandel, unntatt med motorvogner",46.9
"Agentur- og engroshandel, unntatt med motorvogner",46.7
"Agentur- og engroshandel, unntatt med motorvogner",46.4
"Agentur- og engroshandel, unntatt med motorvogner",46.5
"Detaljhandel, unntatt med motorvogner",47.1
"Detaljhandel, unntatt med motorvogner",47.6
"Detaljhandel, unntatt med motorvogner",47.7
"Detaljhandel, unntatt med motorvogner",47.9
"Detaljhandel, unntatt med motorvogner",47.5
"Detaljhandel, unntatt med motorvogner",47.4
"Detaljhandel, unntatt med motorvogner",47.8
Landtransport og rørtransport,49.4
Landtransport og rørtransport,49.3
Sjøfart,50.3
Sjøfart,50.2
Sjøfart,50.4
Sjøfart,50.1
Lagring og andre tjenester tilknyttet transport,52.2
Serveringsvirksomhet,56.2
Forlagsvirksomhet,58.1
"Film-, video- og fjernsynsprogramproduksjon, utgivelse av musikk- og lydopptak",59.1
Informasjonstjenester,63.9
Informasjonstjenester,63.1
Finansieringsvirksomhet,64.1
Finansieringsvirksomhet,64.9
"Forsikringsvirksomhet og pensjonskasser, unntatt trygdeordninger underlagt offentlig forvaltning",65.1
Tjenester tilknyttet finansierings- og forsikringsvirksomhet,66.1
Tjenester tilknyttet finansierings- og forsikringsvirksomhet,66.2
"Arkitektvirksomhet og teknisk konsulentvirksomhet, og teknisk prøving og analyse",71.1
Forskning og utviklingsarbeid,72.1
Utleie- og leasingvirksomhet,77.2
Reisebyrå- og reisearrangørvirksomhet og tilknyttede tjenester,79.1
Tjenester tilknyttet eiendomsdrift,81.2
Annen forretningsmessig tjenesteyting,82.1
"Offentlig administrasjon og forsvar, og trygdeordninger underlagt offentlig forvaltning",84.2
"Offentlig administrasjon og forsvar, og trygdeordninger underlagt offentlig forvaltning",84.1
Undervisning,85.5
Undervisning,85.3
Undervisning,85.4
Helsetjenester,86.2
Kunstnerisk virksomhet og underholdningsvirksomhet,90.0
Sports- og fritidsaktiviteter og drift av fornøyelsesetablissementer,93.2
Sports- og fritidsaktiviteter og drift av fornøyelsesetablissementer,93.1
Aktiviteter i medlemsorganisasjoner,94.9
Aktiviteter i medlemsorganisasjoner,94.1
"Reparasjon av datamaskiner, husholdningsvarer og varer til personlig bruk",95.2
"Reparasjon av datamaskiner, husholdningsvarer og varer til personlig bruk",95.1
Dyrking av ettårige vekster,01.19
Dyrking av ettårige vekster,01.13
Dyrking av ettårige vekster,01.11
Dyrking av ettårige vekster,01.15
Dyrking av ettårige vekster,01.14
Dyrking av ettårige vekster,01.16
Dyrking av flerårige vekster,01.25
Dyrking av flerårige vekster,01.27
Dyrking av flerårige vekster,01.23
Dyrking av flerårige vekster,01.24
Dyrking av flerårige vekster,01.29
Dyrking av flerårige vekster,01.28
Dyrking av flerårige vekster,01.26
Dyrking av flerårige vekster,01.21
Dyrking av flerårige vekster,01.22
Planteformering,01.30
Husdyrhold,01.41
Husdyrhold,01.49
Husdyrhold,01.42
Husdyrhold,01.43
Husdyrhold,01.47
Husdyrhold,01.45
Husdyrhold,01.46
Husdyrhold,01.44
Kombinert husdyrhold og planteproduksjon,01.50
Tjenester tilknyttet jordbruk og etterbehandling av vekster etter innhøsting,01.64
Tjenester tilknyttet jordbruk og etterbehandling av vekster etter innhøsting,01.63
Tjenester tilknyttet jordbruk og etterbehandling av vekster etter innhøsting,01.62
Tjenester tilknyttet jordbruk og etterbehandling av vekster etter innhøsting,01.61
"Jakt, viltstell og tjenester tilknyttet jakt og viltstell",01.70
Skogskjøtsel og andre skogbruksaktiviteter,02.10
Avvirkning,02.20
Innsamling av viltvoksende produkter av annet enn tre,02.30
Tjenester tilknyttet skogbruk,02.40
Fiske og fangst,03.11
Fiske og fangst,03.12
Akvakultur,03.22
Akvakultur,03.21
Bryting av steinkull,05.10
Bryting av brunkull,05.20
Utvinning av råolje,06.10
Utvinning av naturgass,06.20
Bryting av jernmalm,07.10
Bryting av ikke-jernholdig malm,07.21
Bryting av ikke-jernholdig malm,07.29
"Bryting av stein, utvinning av sand og leire",08.12
"Bryting av stein, utvinning av sand og leire",08.11
Annen bryting og utvinning,08.93
Annen bryting og utvinning,08.99
Annen bryting og utvinning,08.92
Annen bryting og utvinning,08.91
Tjenester tilknyttet utvinning av råolje og naturgass,09.10
Tjenester tilknyttet annen bergverksdrift,09.90
"Produksjon, bearbeiding og konservering av kjøtt og kjøttvarer",10.12
"Produksjon, bearbeiding og konservering av kjøtt og kjøttvarer",10.13
"Produksjon, bearbeiding og konservering av kjøtt og kjøttvarer",10.11
"Bearbeiding og konservering av fisk, skalldyr og bløtdyr",10.20
Bearbeiding og konservering av frukt og grønnsaker,10.32
Bearbeiding og konservering av frukt og grønnsaker,10.39
Bearbeiding og konservering av frukt og grønnsaker,10.31
Produksjon av vegetabilske og animalske oljer og fettstoffer,10.41
Produksjon av vegetabilske og animalske oljer og fettstoffer,10.42
Produksjon av meierivarer og iskrem,10.52
Produksjon av meierivarer og iskrem,10.51
"Produksjon av kornvarer, stivelse og stivelsesprodukter",10.61
"Produksjon av kornvarer, stivelse og stivelsesprodukter",10.62
Produksjon av bakeri- og pastavarer,10.73
Produksjon av bakeri- og pastavarer,10.71
Produksjon av bakeri- og pastavarer,10.72
Produksjon av andre næringsmidler,10.86
Produksjon av andre næringsmidler,10.89
Produksjon av andre næringsmidler,10.84
Produksjon av andre næringsmidler,10.83
Produksjon av andre næringsmidler,10.85
Produksjon av andre næringsmidler,10.82
Produksjon av andre næringsmidler,10.81
Produksjon av fôrvarer,10.91
Produksjon av fôrvarer,10.92
Produksjon av drikkevarer,11.07
Produksjon av drikkevarer,11.05
Produksjon av drikkevarer,11.03
Produksjon av drikkevarer,11.02
Produksjon av drikkevarer,11.04
Produksjon av drikkevarer,11.01
Produksjon av tobakksvarer,12.00
Bearbeiding og spinning av tekstilfibrer,13.10
Veving av tekstiler,13.20
Etterbehandling av tekstiler,13.30
Produksjon av andre tekstiler,13.93
Produksjon av andre tekstiler,13.92
Produksjon av andre tekstiler,13.96
Produksjon av andre tekstiler,13.95
Produksjon av andre tekstiler,13.91
Produksjon av andre tekstiler,13.99
Produksjon av andre tekstiler,13.94
"Produksjon av klær, unntatt pelsvarer",14.13
"Produksjon av klær, unntatt pelsvarer",14.12
"Produksjon av klær, unntatt pelsvarer",14.19
"Produksjon av klær, unntatt pelsvarer",14.14
"Produksjon av klær, unntatt pelsvarer",14.11
Produksjon av pelsvarer,14.20
Produksjon av klær av trikotasje,14.39
Produksjon av klær av trikotasje,14.31
"Beredning av lær, produksjon av reiseeffekter og salmakerartikler og beredning og farging av pelsskinn",15.12
"Beredning av lær, produksjon av reiseeffekter og salmakerartikler og beredning og farging av pelsskinn",15.11
Produksjon av skotøy,15.20
"Saging, høvling og impregnering av tre",16.10
"Produksjon av varer av tre, kork, strå og flettematerialer",16.21
"Produksjon av varer av tre, kork, strå og flettematerialer",16.23
"Produksjon av varer av tre, kork, strå og flettematerialer",16.24
"Produksjon av varer av tre, kork, strå og flettematerialer",16.22
"Produksjon av varer av tre, kork, strå og flettematerialer",16.29
"Produksjon av papirmasse, papir og papp",17.12
"Produksjon av papirmasse, papir og papp",17.11
Produksjon av varer av papir og papp,17.22
Produksjon av varer av papir og papp,17.21
Produksjon av varer av papir og papp,17.23
Produksjon av varer av papir og papp,17.29
Produksjon av varer av papir og papp,17.24
Trykking og tjenester tilknyttet trykking,18.11
Trykking og tjenester tilknyttet trykking,18.12
Trykking og tjenester tilknyttet trykking,18.14
Trykking og tjenester tilknyttet trykking,18.13
Reproduksjon av innspilte opptak,18.20
Produksjon av kullprodukter,19.10
Produksjon av raffinerte petroleumsprodukter,19.20
"Produksjon av kjemiske råvarer, gjødsel og nitrogenforbindelser, basisplast og syntetisk gummi",20.11
"Produksjon av kjemiske råvarer, gjødsel og nitrogenforbindelser, basisplast og syntetisk gummi",20.15
"Produksjon av kjemiske råvarer, gjødsel og nitrogenforbindelser, basisplast og syntetisk gummi",20.13
"Produksjon av kjemiske råvarer, gjødsel og nitrogenforbindelser, basisplast og syntetisk gummi",20.14
"Produksjon av kjemiske råvarer, gjødsel og nitrogenforbindelser, basisplast og syntetisk gummi",20.17
"Produksjon av kjemiske råvarer, gjødsel og nitrogenforbindelser, basisplast og syntetisk gummi",20.12
"Produksjon av kjemiske råvarer, gjødsel og nitrogenforbindelser, basisplast og syntetisk gummi",20.16
Produksjon av plantevern- og skadedyrmidler og andre landbrukskjemiske produkter,20.20
"Produksjon av maling og lakk, trykkfarger og tetningsmidler",20.30
"Produksjon av såpe og vaskemidler, rense- og polermidler, parfyme og toalettartikler",20.42
"Produksjon av såpe og vaskemidler, rense- og polermidler, parfyme og toalettartikler",20.41
Produksjon av andre kjemiske produkter,20.53
Produksjon av andre kjemiske produkter,20.52
Produksjon av andre kjemiske produkter,20.59
Produksjon av andre kjemiske produkter,20.51
Produksjon av kunstfibrer,20.60
Produksjon av farmasøytiske råvarer,21.10
Produksjon av farmasøytiske preparater,21.20
Produksjon av gummiprodukter,22.19
Produksjon av gummiprodukter,22.11
Produksjon av plastprodukter,22.29
Produksjon av plastprodukter,22.21
Produksjon av plastprodukter,22.23
Produksjon av plastprodukter,22.22
Produksjon av glass og glassprodukter,23.13
Produksjon av glass og glassprodukter,23.14
Produksjon av glass og glassprodukter,23.12
Produksjon av glass og glassprodukter,23.11
Produksjon av glass og glassprodukter,23.19
Produksjon av ildfaste produkter,23.20
Produksjon av byggevarer av brent leire,23.32
Produksjon av byggevarer av brent leire,23.31
Produksjon av andre porselensprodukter og keramiske produkter,23.42
Produksjon av andre porselensprodukter og keramiske produkter,23.43
Produksjon av andre porselensprodukter og keramiske produkter,23.49
Produksjon av andre porselensprodukter og keramiske produkter,23.41
Produksjon av andre porselensprodukter og keramiske produkter,23.44
"Produksjon av sement, kalk og gips",23.51
"Produksjon av sement, kalk og gips",23.52
"Produksjon av betong-, sement- og gipsprodukter",23.64
"Produksjon av betong-, sement- og gipsprodukter",23.65
"Produksjon av betong-, sement- og gipsprodukter",23.69
"Produksjon av betong-, sement- og gipsprodukter",23.63
"Produksjon av betong-, sement- og gipsprodukter",23.62
"Produksjon av betong-, sement- og gipsprodukter",23.61
Hogging og bearbeiding av monument- og bygningsstein,23.70
Produksjon av ikke-metallholdige mineralprodukter ikke nevnt annet sted,23.91
Produksjon av ikke-metallholdige mineralprodukter ikke nevnt annet sted,23.99
"Produksjon av jern og stål, samt ferrolegeringer",24.10
Produksjon av andre rør og rørdeler av stål,24.20
Annen bearbeiding av jern og stål,24.34
Annen bearbeiding av jern og stål,24.31
Annen bearbeiding av jern og stål,24.33
Annen bearbeiding av jern og stål,24.32
Produksjon av ikke-jernholdige metaller,24.44
Produksjon av ikke-jernholdige metaller,24.42
Produksjon av ikke-jernholdige metaller,24.43
Produksjon av ikke-jernholdige metaller,24.46
Produksjon av ikke-jernholdige metaller,24.45
Produksjon av ikke-jernholdige metaller,24.41
Støping av metaller,24.54
Støping av metaller,24.53
Støping av metaller,24.51
Støping av metaller,24.52
Produksjon av metallkonstruksjoner,25.11
Produksjon av metallkonstruksjoner,25.12
"Produksjon av tanker, cisterner og andre beholdere av metall",25.21
"Produksjon av tanker, cisterner og andre beholdere av metall",25.29
"Produksjon av dampkjeler, unntatt kjeler til sentralvarmeanlegg",25.30
Produksjon av våpen og ammunisjon,25.40
"Smiing, stansing og valsing av metall, og pulvermetallurgi",25.50
Overflatebehandling og bearbeiding av metaller,25.62
Overflatebehandling og bearbeiding av metaller,25.61
"Produksjon av kjøkkenredskaper, skjære- og klipperedskaper, håndverktøy og andre jernvarer",25.73
"Produksjon av kjøkkenredskaper, skjære- og klipperedskaper, håndverktøy og andre jernvarer",25.72
"Produksjon av kjøkkenredskaper, skjære- og klipperedskaper, håndverktøy og andre jernvarer",25.71
Produksjon av andre metallvarer,25.99
Produksjon av andre metallvarer,25.92
Produksjon av andre metallvarer,25.93
Produksjon av andre metallvarer,25.94
Produksjon av andre metallvarer,25.91
Produksjon av elektroniske komponenter og kretskort,26.12
Produksjon av elektroniske komponenter og kretskort,26.11
Produksjon av datamaskiner og tilleggsutstyr,26.20
Produksjon av kommunikasjonsutstyr,26.30
Produksjon av elektronikk til husholdningsbruk,26.40
"Produksjon av måle-, kontroll- og navigasjonsinstrumenter, og klokker og ur",26.51
"Produksjon av måle-, kontroll- og navigasjonsinstrumenter, og klokker og ur",26.52
"Produksjon av strålingsutstyr, elektromedisinsk og elektroterapeutisk utstyr",26.60
Produksjon av optiske instrumenter og fotografisk utstyr,26.70
Produksjon av magnetiske og optiske media,26.80
"Produksjon av elektromotorer, generatorer, transformatorer og elektriske fordelings- og kontrolltavler og paneler",27.12
"Produksjon av elektromotorer, generatorer, transformatorer og elektriske fordelings- og kontrolltavler og paneler",27.11
Produksjon av batterier og akkumulatorer,27.20
Produksjon av ledninger og ledningsmateriell,27.33
Produksjon av ledninger og ledningsmateriell,27.32
Produksjon av ledninger og ledningsmateriell,27.31
Produksjon av belysningsutstyr,27.40
Produksjon av husholdningsmaskiner og -apparater,27.51
Produksjon av husholdningsmaskiner og -apparater,27.52
Produksjon av annet elektrisk utstyr,27.90
Produksjon av maskiner og utstyr til generell bruk,28.15
Produksjon av maskiner og utstyr til generell bruk,28.12
Produksjon av maskiner og utstyr til generell bruk,28.14
Produksjon av maskiner og utstyr til generell bruk,28.13
Produksjon av maskiner og utstyr til generell bruk,28.11
Produksjon av andre maskiner og annet utstyr til generell bruk,28.29
Produksjon av andre maskiner og annet utstyr til generell bruk,28.23
Produksjon av andre maskiner og annet utstyr til generell bruk,28.25
Produksjon av andre maskiner og annet utstyr til generell bruk,28.21
Produksjon av andre maskiner og annet utstyr til generell bruk,28.24
Produksjon av andre maskiner og annet utstyr til generell bruk,28.22
Produksjon av jordbruks- og skogbruksmaskiner,28.30
Produksjon av maskiner til metallbearbeiding og annet maskinverktøy,28.49
Produksjon av maskiner til metallbearbeiding og annet maskinverktøy,28.41
Produksjon av andre spesialmaskiner,28.91
Produksjon av andre spesialmaskiner,28.99
Produksjon av andre spesialmaskiner,28.93
Produksjon av andre spesialmaskiner,28.94
Produksjon av andre spesialmaskiner,28.96
Produksjon av andre spesialmaskiner,28.95
Produksjon av andre spesialmaskiner,28.92
Produksjon av motorvogner,29.10
Produksjon av karosserier og tilhengere,29.20
Produksjon av deler og utstyr til motorvogner,29.32
Produksjon av deler og utstyr til motorvogner,29.31
Bygging av skip og båter,30.11
Bygging av skip og båter,30.12
Produksjon av lokomotiver og annet rullende materiell til jernbane og sporvei,30.20
Produksjon av luftfartøyer og romfartøyer og lignende utstyr,30.30
Produksjon av militære stridskjøretøyer,30.40
Produksjon av transportmidler ikke nevnt annet sted,30.91
Produksjon av transportmidler ikke nevnt annet sted,30.92
Produksjon av transportmidler ikke nevnt annet sted,30.99
Produksjon av møbler,31.02
Produksjon av møbler,31.09
Produksjon av møbler,31.03
Produksjon av møbler,31.01
"Produksjon av gull- og sølvvarer, bijouteri og lignende artikler",32.11
"Produksjon av gull- og sølvvarer, bijouteri og lignende artikler",32.12
"Produksjon av gull- og sølvvarer, bijouteri og lignende artikler",32.13
Produksjon av musikkinstrumenter,32.20
Produksjon av sportsartikler,32.30
Produksjon av spill og leker,32.40
Produksjon av medisinske og tanntekniske instrumenter og utstyr,32.50
Industriproduksjon ikke nevnt annet sted,32.99
Industriproduksjon ikke nevnt annet sted,32.91
"Reparasjon av metallvarer, maskiner og utstyr",33.14
"Reparasjon av metallvarer, maskiner og utstyr",33.12
"Reparasjon av metallvarer, maskiner og utstyr",33.11
"Reparasjon av metallvarer, maskiner og utstyr",33.13
"Reparasjon av metallvarer, maskiner og utstyr",33.19
"Reparasjon av metallvarer, maskiner og utstyr",33.16
"Reparasjon av metallvarer, maskiner og utstyr",33.15
"Reparasjon av metallvarer, maskiner og utstyr",33.17
Installasjon av industrimaskiner og -utstyr,33.20
"Produksjon, overføring og distribusjon av elektrisitet",35.14
"Produksjon, overføring og distribusjon av elektrisitet",35.12
"Produksjon, overføring og distribusjon av elektrisitet",35.11
"Produksjon, overføring og distribusjon av elektrisitet",35.13
Produksjon av gass og distribusjon av gass gjennom ledningsnett,35.23
Produksjon av gass og distribusjon av gass gjennom ledningsnett,35.21
Produksjon av gass og distribusjon av gass gjennom ledningsnett,35.22
Damp- og varmtvannsforsyning,35.30
"Uttak fra kilde, rensing og distribusjon av vann",36.00
Oppsamling og behandling av avløpsvann,37.00
Innsamling av avfall,38.11
Innsamling av avfall,38.12
Behandling og disponering av avfall,38.21
Behandling og disponering av avfall,38.22
Materialgjenvinning,38.31
Materialgjenvinning,38.32
"Miljørydding, miljørensing og lignende virksomhet",39.00
Utvikling av byggeprosjekter,41.10
Oppføring av bygninger,41.20
Bygging av veier og jernbaner,42.13
Bygging av veier og jernbaner,42.12
Bygging av veier og jernbaner,42.11
"Bygging av vann- og kloakkanlegg, og anlegg for elektrisitet og telekommunikasjon",42.21
"Bygging av vann- og kloakkanlegg, og anlegg for elektrisitet og telekommunikasjon",42.22
Bygging av andre anlegg,42.91
Bygging av andre anlegg,42.99
Riving og grunnarbeid,43.11
Riving og grunnarbeid,43.13
Riving og grunnarbeid,43.12
"Elektrisk installasjonsarbeid, VVS-arbeid og annet installasjonsarbeid",43.22
"Elektrisk installasjonsarbeid, VVS-arbeid og annet installasjonsarbeid",43.21
"Elektrisk installasjonsarbeid, VVS-arbeid og annet installasjonsarbeid",43.29
Ferdiggjøring av bygninger,43.32
Ferdiggjøring av bygninger,43.39
Ferdiggjøring av bygninger,43.33
Ferdiggjøring av bygninger,43.34
Ferdiggjøring av bygninger,43.31
Annen spesialisert bygge- og anleggsvirksomhet,43.99
Annen spesialisert bygge- og anleggsvirksomhet,43.91
"Handel med motorvogner, unntatt motorsykler",45.11
"Handel med motorvogner, unntatt motorsykler",45.19
"Vedlikehold og reparasjon av motorvogner, unntatt motorsykler",45.20
"Handel med deler og utstyr til motorvogner, unntatt motorsykler",45.32
"Handel med motorsykler, deler og utstyr. Vedlikehold og reparasjon av motorsykler",45.40
Agenturhandel,46.16
Agenturhandel,46.12
Agenturhandel,46.14
Agenturhandel,46.13
Agenturhandel,46.18
Agenturhandel,46.11
Agenturhandel,46.19
Agenturhandel,46.17
Agenturhandel,46.15
Engroshandel med jordbruksråvarer og levende dyr,46.22
Engroshandel med jordbruksråvarer og levende dyr,46.21
Engroshandel med nærings- og nytelsesmidler,46.38
Engroshandel med nærings- og nytelsesmidler,46.34
Engroshandel med nærings- og nytelsesmidler,46.33
Engroshandel med nærings- og nytelsesmidler,46.36
Engroshandel med nærings- og nytelsesmidler,46.31
Engroshandel med husholdningsvarer og varer til personlig bruk,46.44
Engroshandel med husholdningsvarer og varer til personlig bruk,46.46
Engroshandel med husholdningsvarer og varer til personlig bruk,46.49
Engroshandel med husholdningsvarer og varer til personlig bruk,46.43
Engroshandel med husholdningsvarer og varer til personlig bruk,46.47
Engroshandel med husholdningsvarer og varer til personlig bruk,46.41
Engroshandel med husholdningsvarer og varer til personlig bruk,46.42
Engroshandel med husholdningsvarer og varer til personlig bruk,46.45
Engroshandel med IKT-utstyr,46.52
Engroshandel med IKT-utstyr,46.51
Engroshandel med andre maskiner og annet utstyr,46.66
Engroshandel med andre maskiner og annet utstyr,46.69
Engroshandel med andre maskiner og annet utstyr,46.65
Engroshandel med andre maskiner og annet utstyr,46.62
Engroshandel med andre maskiner og annet utstyr,46.61
Engroshandel med andre maskiner og annet utstyr,46.64
Engroshandel med spesialisert vareutvalg ellers,46.73
Engroshandel med spesialisert vareutvalg ellers,46.77
Engroshandel med spesialisert vareutvalg ellers,46.74
Engroshandel med spesialisert vareutvalg ellers,46.75
Engroshandel med spesialisert vareutvalg ellers,46.72
Engroshandel med spesialisert vareutvalg ellers,46.76
Engroshandel med spesialisert vareutvalg ellers,46.71
Uspesifisert engroshandel,46.90
Butikkhandel med bredt vareutvalg,47.11
Butikkhandel med bredt vareutvalg,47.19
Butikkhandel med nærings- og nytelsesmidler i spesialforretninger,47.23
Butikkhandel med nærings- og nytelsesmidler i spesialforretninger,47.21
Butikkhandel med nærings- og nytelsesmidler i spesialforretninger,47.29
Butikkhandel med nærings- og nytelsesmidler i spesialforretninger,47.26
Butikkhandel med nærings- og nytelsesmidler i spesialforretninger,47.22
Butikkhandel med nærings- og nytelsesmidler i spesialforretninger,47.25
Detaljhandel med drivstoff til motorvogner,47.30
Butikkhandel med IKT-utstyr i spesialforretninger,47.43
Butikkhandel med IKT-utstyr i spesialforretninger,47.41
Butikkhandel med andre husholdningsvarer i spesialforretninger,47.52
Butikkhandel med andre husholdningsvarer i spesialforretninger,47.54
Butikkhandel med andre husholdningsvarer i spesialforretninger,47.53
Butikkhandel med andre husholdningsvarer i spesialforretninger,47.59
Butikkhandel med andre husholdningsvarer i spesialforretninger,47.51
"Butikkhandel med bøker, musikkartikler og andre fritidsartikler i spesialforretninger",47.63
"Butikkhandel med bøker, musikkartikler og andre fritidsartikler i spesialforretninger",47.64
"Butikkhandel med bøker, musikkartikler og andre fritidsartikler i spesialforretninger",47.65
"Butikkhandel med bøker, musikkartikler og andre fritidsartikler i spesialforretninger",47.61
"Butikkhandel med bøker, musikkartikler og andre fritidsartikler i spesialforretninger",47.62
Annen butikkhandel i spesialforretninger,47.71
Annen butikkhandel i spesialforretninger,47.79
Annen butikkhandel i spesialforretninger,47.73
Annen butikkhandel i spesialforretninger,47.72
Annen butikkhandel i spesialforretninger,47.75
Annen butikkhandel i spesialforretninger,47.78
Torghandel,47.81
Torghandel,47.89
Detaljhandel utenom utsalgssted,47.99
Detaljhandel utenom utsalgssted,47.91
Passasjertransport med jernbane,49.10
Godstransport med jernbane,49.20
Annen landtransport med passasjerer,49.31
Annen landtransport med passasjerer,49.32
Annen landtransport med passasjerer,49.39
"Godstransport på vei, herunder flyttetransport",49.41
"Godstransport på vei, herunder flyttetransport",49.42
Rørtransport,49.50
Sjøfart og kysttrafikk med passasjerer,50.10
Sjøfart og kysttrafikk med gods,50.20
Passasjertransport på elver og innsjøer,50.30
Godstransport på elver og innsjøer,50.40
Lufttransport med passasjerer,51.10
Lufttransport med gods samt romfart,51.21
Lufttransport med gods samt romfart,51.22
Lagring,52.10
Andre tjenester tilknyttet transport,52.22
Andre tjenester tilknyttet transport,52.23
Andre tjenester tilknyttet transport,52.24
Andre tjenester tilknyttet transport,52.29
Andre tjenester tilknyttet transport,52.21
Landsdekkende posttjenester,53.10
Andre post- og budtjenester,53.20
Hotellvirksomhet,55.10
Drift av vandrerhjem og ferieleiligheter,55.20
Drift av campingplasser,55.30
Annen overnatting,55.90
Restaurantvirksomhet,56.10
Cateringvirksomhet og kantiner drevet som selvstendig virksomhet,56.29
Cateringvirksomhet og kantiner drevet som selvstendig virksomhet,56.21
Drift av barer,56.30
"Utgivelse av bøker, tidsskrifter og annen forlagsvirksomhet",58.13
"Utgivelse av bøker, tidsskrifter og annen forlagsvirksomhet",58.19
"Utgivelse av bøker, tidsskrifter og annen forlagsvirksomhet",58.12
"Utgivelse av bøker, tidsskrifter og annen forlagsvirksomhet",58.14
"Utgivelse av bøker, tidsskrifter og annen forlagsvirksomhet",58.11
Utgivelse av programvare,58.29
Utgivelse av programvare,58.21
"Virksomhet innen film, video og fjernsynsprogrammer",59.14
"Virksomhet innen film, video og fjernsynsprogrammer",59.12
"Virksomhet innen film, video og fjernsynsprogrammer",59.11
"Virksomhet innen film, video og fjernsynsprogrammer",59.13
Produksjon og utgivelse av musikk- og lydopptak,59.20
Radiokringkasting,60.10
Fjernsynskringkasting,60.20
Kabelbasert telekommunikasjon,61.10
Trådløs telekommunikasjon,61.20
Satellittbasert telekommunikasjon,61.30
Telekommunikasjon ellers,61.90
Tjenester tilknyttet informasjonsteknologi,62.09
Tjenester tilknyttet informasjonsteknologi,62.01
Tjenester tilknyttet informasjonsteknologi,62.03
Tjenester tilknyttet informasjonsteknologi,62.02
"Databehandling, datalagring og tilknyttede tjenester, drift av web-portaler",63.12
"Databehandling, datalagring og tilknyttede tjenester, drift av web-portaler",63.11
Andre informasjonstjenester,63.91
Andre informasjonstjenester,63.99
Bankvirksomhet,64.11
Bankvirksomhet,64.19
Holdingselskaper,64.20
"Verdipapirfond, investeringsselskaper o.l.",64.30
Annen finansieringsvirksomhet,64.99
Annen finansieringsvirksomhet,64.92
Annen finansieringsvirksomhet,64.91
Forsikring,65.11
Forsikring,65.12
Gjenforsikring,65.20
Pensjonskasser,65.30
Tjenester tilknyttet finansieringsvirksomhet,66.11
Tjenester tilknyttet finansieringsvirksomhet,66.12
Tjenester tilknyttet finansieringsvirksomhet,66.19
Tjenester tilknyttet forsikringsvirksomhet og pensjonskasser,66.29
Tjenester tilknyttet forsikringsvirksomhet og pensjonskasser,66.21
Tjenester tilknyttet forsikringsvirksomhet og pensjonskasser,66.22
Fondsforvaltningsvirksomhet,66.30
Kjøp og salg av egen fast eiendom,68.10
Utleie av egen eller leid fast eiendom,68.20
Omsetning og drift av fast eiendom på oppdrag,68.32
Omsetning og drift av fast eiendom på oppdrag,68.31
Juridisk tjenesteyting,69.10
"Regnskap, revisjon og skatterådgivning",69.20
Hovedkontortjenester,70.10
Administrativ rådgivning,70.22
Administrativ rådgivning,70.21
Arkitektvirksomhet og teknisk konsulentvirksomhet,71.12
Arkitektvirksomhet og teknisk konsulentvirksomhet,71.11
Teknisk prøving og analyse,71.20
Forskning og utviklingsarbeid innen naturvitenskap og teknikk,72.19
Forskning og utviklingsarbeid innen naturvitenskap og teknikk,72.11
Forskning og utviklingsarbeid innen samfunnsvitenskap og humanistiske fag,72.20
Annonse- og reklamevirksomhet,73.11
Annonse- og reklamevirksomhet,73.12
Markeds- og opinionsundersøkelser,73.20
Spesialisert designvirksomhet,74.10
Fotografvirksomhet,74.20
"Annen faglig, vitenskapelig og teknisk virksomhet",74.90
Veterinærtjenester,75.00
Utleie og leasing av motorvogner,77.12
Utleie og leasing av motorvogner,77.11
Utleie og leasing av husholdningsvarer og varer til personlig bruk,77.21
Utleie og leasing av husholdningsvarer og varer til personlig bruk,77.29
Utleie og leasing av husholdningsvarer og varer til personlig bruk,77.22
"Utleie og leasing av andre maskiner, og annet utstyr og materiell",77.32
"Utleie og leasing av andre maskiner, og annet utstyr og materiell",77.39
"Utleie og leasing av andre maskiner, og annet utstyr og materiell",77.35
"Utleie og leasing av andre maskiner, og annet utstyr og materiell",77.31
"Utleie og leasing av andre maskiner, og annet utstyr og materiell",77.33
"Utleie og leasing av andre maskiner, og annet utstyr og materiell",77.34
"Leasing av immateriell eiendom og lignende produkter, unntatt opphavsrettsbeskyttede verker",77.40
Rekruttering og formidling av arbeidskraft,78.10
Utleie av arbeidskraft,78.20
Andre personaladministrative tjenester,78.30
Reisebyrå- og reisearrangørvirksomhet,79.11
Reisebyrå- og reisearrangørvirksomhet,79.12
Annen arrangørvirksomhet og tilknyttede tjenester,79.90
Private vakttjenester,80.10
Tjenester tilknyttet vakttjenester,80.20
Etterforsking,80.30
Kombinerte tjenester tilknyttet eiendomsdrift,81.10
Rengjøringsvirksomhet,81.29
Rengjøringsvirksomhet,81.22
Rengjøringsvirksomhet,81.21
Beplantning av hager og parkanlegg,81.30
Kontortjenester,82.11
Kontortjenester,82.19
Telefonvakttjenester og telefonsalg,82.20
"Kongress-, messe- og utstillingsvirksomhet",82.30
Forretningsmessig tjenesteyting ikke nevnt annet sted,82.99
Forretningsmessig tjenesteyting ikke nevnt annet sted,82.91
Forretningsmessig tjenesteyting ikke nevnt annet sted,82.92
Offentlig administrasjon og forvaltning,84.12
Offentlig administrasjon og forvaltning,84.13
Offentlig administrasjon og forvaltning,84.11
Offentlig administrasjon tilknyttet utenriks- og sikkerhetssaker,84.25
Offentlig administrasjon tilknyttet utenriks- og sikkerhetssaker,84.23
Offentlig administrasjon tilknyttet utenriks- og sikkerhetssaker,84.24
Offentlig administrasjon tilknyttet utenriks- og sikkerhetssaker,84.21
Offentlig administrasjon tilknyttet utenriks- og sikkerhetssaker,84.22
Trygdeordninger underlagt offentlig forvaltning,84.30
Førskoleundervisning,85.10
Grunnskoleundervisning,85.20
Undervisning på videregående skoles nivå,85.31
Undervisning på videregående skoles nivå,85.32
Undervisning i høyere utdanning,85.41
Annen undervisning,85.53
Annen undervisning,85.52
Annen undervisning,85.51
Annen undervisning,85.59
Tjenester tilknyttet undervisning,85.60
Sykehustjenester,86.10
Lege- og tannlegetjenester,86.22
Lege- og tannlegetjenester,86.23
Lege- og tannlegetjenester,86.21
Andre helsetjenester,86.90
Pleie- og omsorgstjenester i institusjon,87.10
"Institusjoner og bofellesskap innen omsorg for psykisk utviklingshemmede, psykisk helsearbeid og rusmiddelomsorg",87.20
Institusjoner og bofellesskap innen omsorg for eldre og funksjonshemmede,87.30
Andre omsorgsinstitusjoner,87.90
Sosialtjenester uten botilbud for eldre og funksjonshemmede,88.10
Andre sosialtjenester uten botilbud,88.99
Andre sosialtjenester uten botilbud,88.91
Kunstnerisk virksomhet og underholdningsvirksomhet,90.01
Kunstnerisk virksomhet og underholdningsvirksomhet,90.03
Kunstnerisk virksomhet og underholdningsvirksomhet,90.02
Kunstnerisk virksomhet og underholdningsvirksomhet,90.04
"Drift av biblioteker, arkiver, museer og annen kulturvirksomhet",91.02
"Drift av biblioteker, arkiver, museer og annen kulturvirksomhet",91.01
"Drift av biblioteker, arkiver, museer og annen kulturvirksomhet",91.03
"Drift av biblioteker, arkiver, museer og annen kulturvirksomhet",91.04
Lotteri og totalisatorspill,92.00
Sportsaktiviteter,93.13
Sportsaktiviteter,93.11
Sportsaktiviteter,93.19
Sportsaktiviteter,93.12
Fritidsaktiviteter og drift av fornøyelsesetablissementer,93.29
Fritidsaktiviteter og drift av fornøyelsesetablissementer,93.21
Næringslivs- og arbeidsgiverorganisasjoner og yrkessammenslutninger,94.12
Næringslivs- og arbeidsgiverorganisasjoner og yrkessammenslutninger,94.11
Arbeidstakerorganisasjoner,94.20
Aktiviteter i andre medlemsorganisasjoner,94.91
Aktiviteter i andre medlemsorganisasjoner,94.99
Aktiviteter i andre medlemsorganisasjoner,94.92
Reparasjon av datamaskiner og kommunikasjonsutstyr,95.11
Reparasjon av datamaskiner og kommunikasjonsutstyr,95.12
Reparasjon av husholdningsvarer og varer til personlig bruk,95.22
Reparasjon av husholdningsvarer og varer til personlig bruk,95.24
Reparasjon av husholdningsvarer og varer til personlig bruk,95.29
Reparasjon av husholdningsvarer og varer til personlig bruk,95.23
Reparasjon av husholdningsvarer og varer til personlig bruk,95.21
Reparasjon av husholdningsvarer og varer til personlig bruk,95.25
Annen personlig tjenesteyting,96.02
Annen personlig tjenesteyting,96.03
Annen personlig tjenesteyting,96.04
Annen personlig tjenesteyting,96.01
Annen personlig tjenesteyting,96.09
Lønnet arbeid i private husholdninger,97.00
Internasjonale organisasjoner og organer,99.00
"Dyrking av korn (unntatt ris), belgvekster og oljeholdige vekster",01.110
"Dyrking av grønnsaker, meloner, rot- og knollvekster",01.130
Dyrking av sukkerrør,01.140
Dyrking av tobakk,01.150
Dyrking av fibervekster,01.160
Dyrking av ettårige vekster ellers,01.190
Dyrking av druer,01.210
Dyrking av tropiske og subtropiske frukter,01.220
Dyrking av sitrusfrukter,01.230
Dyrking av kjernefrukter og steinfrukter,01.240
Dyrking av annen frukt som vokser på trær eller busker samt nøtter,01.250
Dyrking av oljeholdige frukter,01.260
Dyrking av vekster for produksjon av drikkevarer,01.270
"Dyrking av krydder og aromatiske, medisinske og farmasøytiske vekster",01.280
Dyrking av flerårige vekster ellers,01.290
Planteformering,01.300
Melkeproduksjon på storfe,01.410
Oppdrett av annet storfe,01.420
Oppdrett av hester og andre dyr av hestefamilien,01.430
Oppdrett av kameler og andre kameldyr,01.440
Saue- og geitehold,01.452
Saue- og geitehold,01.451
Svinehold,01.460
Fjørfehold,01.479
Fjørfehold,01.471
Husdyrhold ellers,01.490
Kombinert husdyrhold og planteproduksjon,01.500
Tjenester tilknyttet planteproduksjon,01.610
Tjenester tilknyttet husdyrhold,01.620
Etterbehandling av vekster etter innhøsting,01.630
Behandling av såfrø,01.640
"Jakt, viltstell og tjenester tilknyttet jakt og viltstell",01.700
Skogskjøtsel og andre skogbruksaktiviteter,02.100
Avvirkning,02.200
Innsamling av viltvoksende produkter av annet enn tre,02.300
Tjenester tilknyttet skogbruk,02.400
Hav- og kystfiske og fangst,03.112
Hav- og kystfiske og fangst,03.111
Ferskvannsfiske,03.120
Hav- og kystbasert akvakultur,03.212
Hav- og kystbasert akvakultur,03.213
Hav- og kystbasert akvakultur,03.211
Ferskvannsbasert akvakultur,03.221
Ferskvannsbasert akvakultur,03.222
Bryting av steinkull,05.100
Bryting av brunkull,05.200
Utvinning av råolje,06.100
Utvinning av naturgass,06.200
Bryting av jernmalm,07.100
Bryting av uran- og thoriummalm,07.210
Bryting av ikke-jernholdig malm ellers,07.290
"Bryting av stein til bygge- og anleggsvirksomhet, kalkstein, gips, kritt og skifer",08.111
"Utvinning fra grus- og sandtak, og utvinning av leire og kaolin",08.120
Bryting og utvinning av kjemiske mineraler og gjødselsmineraler,08.910
Stikking av torv,08.920
Utvinning av salt,08.930
Annen bryting og utvinning ikke nevnt annet sted,08.990
Tjenester tilknyttet utvinning av råolje og naturgass,09.101
Tjenester tilknyttet utvinning av råolje og naturgass,09.109
Tjenester tilknyttet annen bergverksdrift,09.900
Bearbeiding og konservering av kjøtt,10.110
Produksjon av kjøtt- og fjørfevarer,10.130
"Bearbeiding og konservering av fisk, skalldyr og bløtdyr",10.209
Bearbeiding og konservering av poteter,10.310
Produksjon av juice av frukt og grønnsaker,10.320
Bearbeiding og konservering av frukt og grønnsaker ellers,10.390
Produksjon av oljer og fettstoffer,10.412
Produksjon av oljer og fettstoffer,10.413
Produksjon av oljer og fettstoffer,10.411
Produksjon av margarin og lignende spiselige fettstoffer,10.420
Produksjon av meierivarer,10.510
Produksjon av iskrem,10.520
Produksjon av kornvarer,10.610
Produksjon av stivelse og stivelsesprodukter,10.620
Produksjon av brød og ferske konditorvarer,10.710
"Produksjon av kavringer, kjeks og konserverte konditorvarer",10.720
Produksjon av sukker,10.810
"Produksjon av kakao, sjokolade og sukkervarer",10.820
Bearbeiding av te og kaffe,10.830
Produksjon av smakstilsettingsstoffer og krydderier,10.840
Produksjon av ferdigmat,10.850
Produksjon av homogeniserte matprodukter og diettmat,10.860
Produksjon av næringsmidler ikke nevnt annet sted,10.890
Produksjon av fôrvarer til husdyrhold,10.910
Produksjon av fôrvarer til kjæledyr,10.920
"Destillering, rektifisering og blanding av sprit",11.010
Produksjon av vin,11.020
Produksjon av sider og annen fruktvin,11.030
Produksjon av andre ikke-destillerte gjærede drikkevarer,11.040
Produksjon av øl,11.050
"Produksjon av mineralvann, leskedrikker og annet vann på flaske",11.070
Produksjon av tobakksvarer,12.000
Bearbeiding og spinning av tekstilfibrer,13.100
Veving av tekstiler,13.200
Etterbehandling av tekstiler,13.300
Produksjon av stoffer av trikotasje,13.910
"Produksjon av tekstilvarer, unntatt klær",13.929
"Produksjon av tekstilvarer, unntatt klær",13.921
"Produksjon av gulvtepper, -matter og -ryer",13.930
Produksjon av tauverk og nett,13.940
"Produksjon av ikke-vevde tekstiler og tekstilvarer, unntatt klær",13.950
Produksjon av tekstiler til teknisk og industriell bruk,13.960
Produksjon av tekstiler ikke nevnt annet sted,13.990
Produksjon av klær av lær,14.110
Produksjon av arbeidstøy,14.120
Produksjon av annet yttertøy,14.130
Produksjon av undertøy og innertøy,14.140
Produksjon av klær og tilbehør ellers,14.190
Produksjon av pelsvarer,14.200
Produksjon av strømpevarer,14.310
Produksjon av andre klær av trikotasje,14.390
"Beredning av lær, og beredning og farging av pelsskinn",15.110
Produksjon av reiseeffekter og salmakerartikler,15.120
Produksjon av skotøy,15.200
"Saging, høvling og impregnering av tre",16.100
Produksjon av finerplater og andre bygnings- og møbelplater av tre,16.210
Produksjon av sammensatte parkettstaver,16.220
Produksjon av andre bygningsartikler,16.232
Produksjon av andre bygningsartikler,16.231
Produksjon av treemballasje,16.240
"Produksjon av andre trevarer og varer av kork, strå og flettematerialer",16.290
Produksjon av papirmasse,17.110
Produksjon av papir og papp,17.120
Produksjon av bølgepapp og emballasje av papir og papp,17.210
"Produksjon av husholdnings-, sanitær- og toalettartikler av papir",17.220
Produksjon av kontorartikler av papir,17.230
Produksjon av tapeter,17.240
Produksjon av varer av papir og papp ellers,17.290
Trykking av aviser,18.110
Trykking ellers,18.120
Ferdiggjøring før trykking og publisering,18.130
Bokbinding og tilknyttede tjenester,18.140
Reproduksjon av innspilte opptak,18.200
Produksjon av kullprodukter,19.100
Produksjon av raffinerte petroleumsprodukter,19.200
Produksjon av industrigasser,20.110
Produksjon av fargestoffer og pigmenter,20.120
Produksjon av andre uorganiske kjemikalier,20.130
Produksjon av andre organiske kjemiske råvarer,20.140
"Produksjon av gjødsel, nitrogenforbindelser og vekstjord",20.150
Produksjon av basisplast,20.160
Produksjon av syntetisk gummi,20.170
Produksjon av plantevern- og skadedyrmidler og andre landbrukskjemiske produkter,20.200
"Produksjon av maling og lakk, trykkfarger og tetningsmidler",20.300
"Produksjon av såpe og vaskemidler, rense- og polermidler",20.410
Produksjon av parfyme og toalettartikler,20.420
Produksjon av eksplosiver,20.510
Produksjon av lim,20.520
Produksjon av eteriske oljer,20.530
Produksjon av kjemiske produkter ikke nevnt annet sted,20.590
Produksjon av kunstfibrer,20.600
Produksjon av farmasøytiske råvarer,21.100
Produksjon av farmasøytiske preparater,21.200
"Produksjon av gummidekk og slanger til gummidekk, og regummiering og vulkanisering av gummidekk",22.110
Produksjon av gummiprodukter ellers,22.190
Produksjon av halvfabrikater av plast,22.210
Produksjon av plastemballasje,22.220
Produksjon av byggevarer av plast,22.230
Produksjon av plastprodukter ellers,22.290
Produksjon av planglass,23.110
Bearbeiding av planglass,23.120
Produksjon av emballasje og husholdningsartikler av glass og krystall,23.130
Produksjon av glassfibrer,23.140
Produksjon av teknisk glass og andre glassvarer,23.190
Produksjon av ildfaste produkter,23.200
Produksjon av keramiske vegg- og gulvfliser,23.310
"Produksjon av murstein, teglstein og andre byggevarer av brent leire",23.320
Produksjon av keramiske husholdningsartikler og dekorasjonsgjenstander,23.410
Produksjon av sanitærutstyr av keramisk materiale,23.420
Produksjon av isolatorer og isoleringsdeler av keramisk materiale,23.430
Produksjon av andre keramiske produkter for teknisk bruk,23.440
Produksjon av andre keramiske produkter,23.490
Produksjon av sement,23.510
Produksjon av kalk og gips,23.520
Produksjon av betongprodukter for bygge- og anleggsvirksomhet,23.610
Produksjon av gipsprodukter for bygge- og anleggsvirksomhet,23.620
Produksjon av ferdigblandet betong,23.630
Produksjon av mørtel,23.640
Produksjon av fibersement,23.650
"Produksjon av betong-, sement- og gipsprodukter ellers",23.690
Hogging og bearbeiding av monument- og bygningsstein,23.700
Produksjon av slipestoffer,23.910
Produksjon av ikke-metallholdige mineralprodukter ikke nevnt annet sted,23.990
Produksjon av andre rør og rørdeler av stål,24.200
Kaldtrekking av stenger og profiler,24.310
Kaldvalsing av bånd,24.320
Kaldvalsing og pressing av profilerte plater og profiler,24.330
Kaldtrekking av tråd,24.340
Produksjon av edelmetaller,24.410
Produksjon av aluminium,24.422
Produksjon av aluminium,24.421
"Produksjon av bly, sink og tinn",24.430
Produksjon av kobber,24.440
Produksjon av ikke-jernholdige metaller ellers,24.450
Produksjon av kjernebrensel,24.460
Støping av jern,24.510
Støping av stål,24.520
Støping av lettmetaller,24.530
Støping av andre ikke-jernholdige metaller,24.540
Produksjon av metallkonstruksjoner og deler,25.110
Produksjon av dører og vinduer av metall,25.120
Produksjon av radiatorer og kjeler til sentralvarmeanlegg,25.210
"Produksjon av andre tanker, cisterner og beholdere av metall",25.290
"Produksjon av dampkjeler, unntatt kjeler til sentralvarmeanlegg",25.300
Produksjon av våpen og ammunisjon,25.400
"Smiing, stansing og valsing av metall, og pulvermetallurgi",25.500
Overflatebehandling av metaller,25.610
Bearbeiding av metaller,25.620
Produksjon av kjøkkenredskaper og skjære- og klipperedskaper,25.710
Produksjon av låser og beslag,25.720
Produksjon av håndverktøy,25.730
Produksjon av stålfat og lignende beholdere av jern og stål,25.910
Produksjon av emballasje av lettmetall,25.920
"Produksjon av varer av metalltråd, kjetting og fjærer",25.930
Produksjon av bolter og skruer,25.940
Produksjon av metallvarer ikke nevnt annet sted,25.990
Produksjon av elektroniske komponenter,26.110
Produksjon av kretskort,26.120
Produksjon av datamaskiner og tilleggsutstyr,26.200
Produksjon av kommunikasjonsutstyr,26.300
Produksjon av elektronikk til husholdningsbruk,26.400
"Produksjon av måle-, kontroll- og navigasjonsinstrumenter",26.510
Produksjon av klokker og ur,26.520
"Produksjon av strålingsutstyr, elektromedisinsk og elektroterapeutisk utstyr",26.600
Produksjon av optiske instrumenter og fotografisk utstyr,26.700
Produksjon av magnetiske og optiske media,26.800
"Produksjon av elektromotorer, generatorer og transformatorer",27.110
Produksjon av elektriske fordelings- og kontrolltavler og paneler,27.120
Produksjon av batterier og akkumulatorer,27.200
Produksjon av optiske fiberkabler,27.310
Produksjon av andre elektroniske og elektriske ledninger og kabler,27.320
Produksjon av ledningsmateriell,27.330
Produksjon av belysningsutstyr,27.400
Produksjon av elektriske husholdningsmaskiner og apparater,27.510
Produksjon av ikke-elektriske husholdningsmaskiner og apparater,27.520
Produksjon av annet elektrisk utstyr,27.900
"Produksjon av motorer og turbiner, unntatt motorer til luftfartøyer og motorvogner",28.110
Produksjon av komponenter til hydraulisk og pneumatisk utstyr,28.120
Produksjon av pumper og kompressorer ellers,28.130
Produksjon av kraner og ventiler ellers,28.140
"Produksjon av lagre, gir, tannhjulsutvekslinger og andre innretninger for kraftoverføring",28.150
Produksjon av industri- og laboratorieovner samt brennere,28.210
Produksjon av løfte- og håndteringsutstyr,28.229
Produksjon av kontormaskiner og utstyr (unntatt datamaskiner og tilleggsutstyr),28.230
Produksjon av motordrevet håndverktøy,28.240
"Produksjon av kjøle- og ventilasjonsanlegg, unntatt til husholdningsbruk",28.250
"Produksjon av maskiner og utstyr til generell bruk, ikke nevnt annet sted",28.290
Produksjon av jordbruks- og skogbruksmaskiner,28.300
Produksjon av maskinverktøy til metallbearbeiding,28.410
Produksjon av maskinverktøy ikke nevnt annet sted,28.490
Produksjon av maskiner og utstyr til metallurgisk industri,28.910
Produksjon av maskiner og utstyr til bergverksdrift og bygge- og anleggsvirksomhet,28.920
Produksjon av maskiner og utstyr til nærings- og nytelsesmiddelindustri,28.930
"Produksjon av maskiner og utstyr til tekstil-, konfeksjons- og lærvareindustri",28.940
Produksjon av maskiner og utstyr til papir- og pappvareindustri,28.950
Produksjon av maskiner og utstyr til plast- og gummiindustri,28.960
Produksjon av spesialmaskiner ikke nevnt annet sted,28.990
Produksjon av motorvogner,29.100
Produksjon av karosserier og tilhengere,29.200
Produksjon av elektrisk og elektronisk utstyr til motorvogner,29.310
Produksjon av andre deler og annet utstyr til motorvogner,29.320
Bygging av skip og flytende materiell,30.113
Bygging av skip og flytende materiell,30.114
Bygging av skip og flytende materiell,30.112
Bygging av fritidsbåter,30.120
Produksjon av lokomotiver og annet rullende materiell til jernbane og sporvei,30.200
Produksjon av luftfartøyer og romfartøyer og lignende utstyr,30.300
Produksjon av militære stridskjøretøyer,30.400
Produksjon av motorsykler,30.910
Produksjon av sykler og invalidevogner,30.920
Produksjon av andre transportmidler ikke nevnt annet sted,30.990
Produksjon av kontor- og butikkmøbler,31.010
Produksjon av kjøkkenmøbler,31.020
Produksjon av madrasser,31.030
Produksjon av møbler ellers,31.090
Preging av mynter og medaljer,32.110
Produksjon av gull- og sølvvarer og lignende artikler,32.120
Produksjon av bijouteri og lignende artikler,32.130
Produksjon av musikkinstrumenter,32.200
Produksjon av sportsartikler,32.300
Produksjon av spill og leker,32.400
Produksjon av medisinske og tanntekniske instrumenter og utstyr,32.500
Produksjon av koster og børster,32.910
Annen industriproduksjon ikke nevnt annet sted,32.990
Reparasjon av bearbeidede metallprodukter,33.110
Reparasjon av maskiner,33.120
Reparasjon av elektronisk og optisk utstyr,33.130
Reparasjon av elektrisk utstyr,33.140
Reparasjon og vedlikehold av skip og båter,33.150
Reparasjon og vedlikehold av luftfartøyer og romfartøyer,33.160
Reparasjon og vedlikehold av andre transportmidler,33.170
Reparasjon av annet utstyr,33.190
Installasjon av industrimaskiner og -utstyr,33.200
Produksjon av elektrisitet,35.119
Overføring av elektrisitet,35.120
Distribusjon av elektrisitet,35.130
Handel med elektrisitet,35.140
Produksjon av gass,35.210
Distribusjon av gass gjennom ledningsnett,35.220
Handel med gass gjennom ledningsnett,35.230
Damp- og varmtvannsforsyning,35.300
"Uttak fra kilde, rensing og distribusjon av vann",36.000
Oppsamling og behandling av avløpsvann,37.000
Innsamling av ikke-farlig avfall,38.110
Innsamling av farlig avfall,38.120
Behandling og disponering av ikke-farlig avfall,38.210
Behandling og disponering av farlig avfall,38.220
Demontering av vrakede gjenstander,38.310
Sortering og bearbeiding av avfall for materialgjenvinning,38.320
"Miljørydding, miljørensing og lignende virksomhet",39.000
Oppføring av bygninger,41.200
Bygging av veier og motorveier,42.110
Bygging av jernbaner og undergrunnsbaner,42.120
Bygging av bruer og tunneler,42.130
Bygging av vann- og kloakkanlegg,42.210
Bygging av anlegg for elektrisitet og telekommunikasjon,42.220
Bygging av havne- og damanlegg,42.910
Bygging av andre anlegg ikke nevnt annet sted,42.990
Riving av bygninger og andre konstruksjoner,43.110
Grunnarbeid,43.120
Prøveboring,43.130
Elektrisk installasjonsarbeid,43.210
VVS-arbeid,43.222
VVS-arbeid,43.221
VVS-arbeid,43.223
Annet installasjonsarbeid,43.290
Stukkatørarbeid og pussing,43.310
Snekkerarbeid,43.320
Gulvlegging og tapetsering,43.330
Maler- og glassarbeid,43.341
Maler- og glassarbeid,43.342
Annen ferdiggjøring av bygninger,43.390
Takarbeid,43.919
Takarbeid,43.911
Annen spesialisert bygge- og anleggsvirksomhet,43.990
"Handel med biler og lette motorvogner, unntatt motorsykler",45.111
"Handel med biler og lette motorvogner, unntatt motorsykler",45.112
"Handel med andre motorvogner, unntatt motorsykler",45.191
"Handel med andre motorvogner, unntatt motorsykler",45.192
"Vedlikehold og reparasjon av motorvogner, unntatt motorsykler",45.200
"Detaljhandel med deler og utstyr til motorvogner, unntatt motorsykler",45.320
"Handel med motorsykler, deler og utstyr. Vedlikehold og reparasjon av motorsykler",45.402
"Agenturhandel med jordbruksråvarer, levende dyr, tekstilråvarer og innsatsvarer",46.110
"Agenturhandel med brensel, drivstoff, malm, metaller og industrikjemikalier",46.120
"Agenturhandel med tømmer, trelast og byggevarer",46.130
"Agenturhandel med maskiner, produksjonsutstyr, båter og luftfartøyer",46.140
"Agenturhandel med møbler, husholdningsvarer og jernvarer",46.150
"Agenturhandel med tekstiler, klær, pelsskinn, skotøy og lærvarer",46.160
Agenturhandel med nærings- og nytelsesmidler,46.170
Agenturhandel med spesialisert vareutvalg ellers,46.180
Agenturhandel med bredt vareutvalg,46.190
"Engroshandel med korn, råtobakk, såvarer og fôrvarer",46.210
Engroshandel med blomster og planter,46.220
Engroshandel med frukt og grønnsaker,46.310
"Engroshandel med meierivarer, egg, matolje og -fett",46.330
"Engroshandel med sukker, sjokolade og sukkervarer",46.360
"Engroshandel med andre næringsmidler, herunder fisk, skalldyr og bløtdyr",46.389
Engroshandel med tekstiler og utstyrsvarer,46.410
Engroshandel med klær og skotøy,46.421
Engroshandel med elektriske husholdningsapparater,46.433
Engroshandel med elektriske husholdningsapparater,46.432
Engroshandel med elektriske husholdningsapparater,46.431
"Engroshandel med kjøkkenutstyr, glass, steintøy og rengjøringsmidler",46.442
Engroshandel med parfyme og kosmetikk,46.450
Engroshandel med sykepleie- og apotekvarer,46.460
"Engroshandel med møbler, gulvbelegg, gulvtepper og belysningsutstyr",46.473
"Engroshandel med møbler, gulvbelegg, gulvtepper og belysningsutstyr",46.471
Engroshandel med husholdningsvarer og varer til personlig bruk ellers,46.499
"Engroshandel med datamaskiner, tilleggsutstyr til datamaskiner samt programvare",46.510
Engroshandel med elektronikkutstyr og telekommunikasjonsutstyr samt deler,46.520
Engroshandel med maskiner og utstyr til jordbruk og skogbruk,46.610
Engroshandel med maskinverktøy,46.620
Engroshandel med maskiner og utstyr til tekstilproduksjon,46.640
Engroshandel med kontormøbler,46.650
Engroshandel med maskiner og utstyr til kontor ellers,46.660
Engroshandel med maskiner og utstyr ellers,46.691
Engroshandel med maskiner og utstyr ellers,46.694
Engroshandel med maskiner og utstyr ellers,46.693
Engroshandel med drivstoff og brensel,46.710
Engroshandel med metaller og metallholdig malm,46.720
"Engroshandel med tømmer, trelast, byggevarer og sanitærutstyr",46.739
"Engroshandel med jernvarer, rørleggerartikler og oppvarmingsutstyr",46.740
Engroshandel med kjemiske produkter,46.750
Engroshandel med innsatsvarer ellers,46.769
Engroshandel med avfall og skrap,46.770
Uspesifisert engroshandel,46.900
Butikkhandel med bredt vareutvalg med hovedvekt på nærings- og nytelsesmidler,47.112
Butikkhandel med bredt vareutvalg ellers,47.190
Butikkhandel med frukt og grønnsaker,47.210
Butikkhandel med kjøtt og kjøttvarer,47.220
"Butikkhandel med fisk, skalldyr og bløtdyr",47.230
"Butikkhandel med bakervarer, konditorvarer og sukkervarer",47.242
Butikkhandel med tobakksvarer,47.260
Butikkhandel med nærings- og nytelsesmidler ellers,47.299
Detaljhandel med drivstoff til motorvogner,47.300
Butikkhandel med datamaskiner og utstyr til datamaskiner,47.410
Butikkhandel med audio- og videoutstyr,47.430
Butikkhandel med tekstiler og utstyrsvarer,47.510
"Butikkhandel med jernvarer, fargevarer og glass",47.529
"Butikkhandel med jernvarer, fargevarer og glass",47.521
"Butikkhandel med jernvarer, fargevarer og glass",47.522
"Butikkhandel med jernvarer, fargevarer og glass",47.523
Butikkhandel med elektriske husholdningsapparater,47.540
"Butikkhandel med møbler, belysningsutstyr og andre innredningsartikler",47.594
"Butikkhandel med møbler, belysningsutstyr og andre innredningsartikler",47.599
Butikkhandel med bøker,47.610
Butikkhandel med aviser og papirvarer,47.620
Butikkhandel med innspillinger av musikk og video,47.630
Butikkhandel med sportsutstyr,47.642
Butikkhandel med sportsutstyr,47.641
Butikkhandel med spill og leker,47.650
Butikkhandel med klær,47.710
Butikkhandel med apotekvarer,47.730
Butikkhandel med kosmetikk og toalettartikler,47.750
"Butikkhandel med ur, gull- og sølvvarer",47.772
Annen butikkhandel med andre nye varer i spesialforretninger,47.789
Butikkhandel med brukte varer,47.799
"Torghandel med næringsmidler, drikkevarer og tobakksvarer",47.810
Torghandel med andre varer,47.890
Detaljhandel utenom utsalgssted ellers,47.990
Passasjertransport med jernbane,49.100
Godstransport med jernbane,49.200
Transport med rutebil og sporvei i by- og forstadsområde,49.311
Transport med rutebil og sporvei i by- og forstadsområde,49.312
Drosjebiltransport,49.320
Landtransport med passasjerer ikke nevnt annet sted,49.393
Landtransport med passasjerer ikke nevnt annet sted,49.392
Landtransport med passasjerer ikke nevnt annet sted,49.391
Godstransport på vei,49.410
Flyttetransport,49.420
Rørtransport,49.500
Sjøfart og kysttrafikk med passasjerer,50.109
Sjøfart og kysttrafikk med passasjerer,50.102
Sjøfart og kysttrafikk med passasjerer,50.101
Sjøfart og kysttrafikk med gods,50.204
Sjøfart og kysttrafikk med gods,50.201
Sjøfart og kysttrafikk med gods,50.203
Sjøfart og kysttrafikk med gods,50.202
Passasjertransport på elver og innsjøer,50.300
Godstransport på elver og innsjøer,50.400
Lufttransport med passasjerer,51.100
Lufttransport med gods,51.210
Romfart,51.220
Lagring,52.100
Andre tjenester tilknyttet landtransport,52.211
Andre tjenester tilknyttet landtransport,52.214
Andre tjenester tilknyttet landtransport,52.213
Andre tjenester tilknyttet landtransport,52.216
Andre tjenester tilknyttet landtransport,52.219
Andre tjenester tilknyttet sjøtransport,52.221
Andre tjenester tilknyttet sjøtransport,52.223
Andre tjenester tilknyttet sjøtransport,52.229
Andre tjenester tilknyttet lufttransport,52.230
Lasting og lossing,52.240
Andre tjenester tilknyttet transport,52.291
Andre tjenester tilknyttet transport,52.299
Andre tjenester tilknyttet transport,52.292
Andre tjenester tilknyttet transport,52.293
Landsdekkende posttjenester,53.100
Andre post- og budtjenester,53.200
Drift av vandrerhjem og ferieleiligheter,55.201
Drift av vandrerhjem og ferieleiligheter,55.202
Drift av campingplasser,55.300
Annen overnatting,55.900
Restaurantvirksomhet,56.102
Restaurantvirksomhet,56.101
Cateringvirksomhet,56.210
Kantiner drevet som selvstendig virksomhet,56.290
Drift av barer,56.309
Drift av barer,56.301
Utgivelse av bøker,58.110
Utgivelse av kataloger og adresselister,58.120
Utgivelse av aviser,58.130
Utgivelse av blader og tidsskrifter,58.140
Forlagsvirksomhet ellers,58.190
Utgivelse av programvare for dataspill,58.210
Utgivelse av annen programvare,58.290
"Produksjon av film, video og fjernsynsprogrammer",59.110
"Etterarbeid knyttet til produksjon av film, video og fjernsynsprogrammer",59.120
"Distribusjon av film, video og fjernsynsprogrammer",59.130
Filmframvisning,59.140
Produksjon og utgivelse av musikk- og lydopptak,59.200
Radiokringkasting,60.100
Fjernsynskringkasting,60.200
Kabelbasert telekommunikasjon,61.100
Trådløs telekommunikasjon,61.200
Satellittbasert telekommunikasjon,61.300
Telekommunikasjon ellers,61.900
Programmeringstjenester,62.010
Konsulentvirksomhet tilknyttet informasjonsteknologi,62.020
Forvaltning og drift av IT-systemer,62.030
Andre tjenester tilknyttet informasjonsteknologi,62.090
"Databehandling, datalagring og tilknyttede tjenester",63.110
Drift av web-portaler,63.120
Nyhetsbyråer,63.910
Andre informasjonstjenester ikke nevnt annet sted,63.990
Sentralbankvirksomhet,64.110
Bankvirksomhet ellers,64.190
Holdingselskaper,64.201
Holdingselskaper,64.202
"Verdipapirfond, investeringsselskaper o.l.",64.305
"Verdipapirfond, investeringsselskaper o.l.",64.308
"Verdipapirfond, investeringsselskaper o.l.",64.306
"Verdipapirfond, investeringsselskaper o.l.",64.302
"Verdipapirfond, investeringsselskaper o.l.",64.301
Finansiell leasing,64.910
Annen kredittgivning,64.920
Annen finansieringsvirksomhet ikke nevnt annet sted,64.990
Livsforsikring,65.110
Skadeforsikring,65.120
Gjenforsikring,65.200
Pensjonskasser,65.300
Administrasjon av finansmarkeder,66.110
Verdipapirmegling,66.120
Andre tjenester tilknyttet finansieringsvirksomhet,66.190
Risiko- og skadevurdering,66.210
Forsikringsformidling,66.220
Andre tjenester tilknyttet forsikringsvirksomhet og pensjonskasser,66.290
Fondsforvaltningsvirksomhet,66.300
Kjøp og salg av egen fast eiendom,68.100
Utleie av egen eller leid fast eiendom,68.209
Eiendomsmegling,68.310
Eiendomsforvaltning,68.320
Juridisk tjenesteyting,69.100
Hovedkontortjenester,70.100
PR og kommunikasjonstjenester,70.210
Bedriftsrådgivning og annen administrativ rådgivning,70.220
Arkitektvirksomhet,71.113
Arkitektvirksomhet,71.112
Arkitektvirksomhet,71.111
Teknisk konsulentvirksomhet,71.123
Teknisk konsulentvirksomhet,71.121
Teknisk konsulentvirksomhet,71.122
Teknisk konsulentvirksomhet,71.129
Teknisk prøving og analyse,71.200
Forskning og utviklingsarbeid innen bioteknologi,72.110
Annen forskning og annet utviklingsarbeid innen naturvitenskap og teknikk,72.190
Forskning og utviklingsarbeid innen samfunnsvitenskap og humanistiske fag,72.200
Reklamebyråer,73.110
Medieformidlingstjenester,73.120
Markeds- og opinionsundersøkelser,73.200
Spesialisert designvirksomhet,74.102
Spesialisert designvirksomhet,74.101
Spesialisert designvirksomhet,74.103
Fotografvirksomhet,74.200
"Annen faglig, vitenskapelig og teknisk virksomhet",74.901
"Annen faglig, vitenskapelig og teknisk virksomhet",74.909
"Annen faglig, vitenskapelig og teknisk virksomhet",74.903
Veterinærtjenester,75.000
Utleie og leasing av biler og andre lette motorvogner,77.110
Utleie og leasing av lastebiler,77.120
Utleie og leasing av sports- og fritidsutstyr,77.210
"Utleie av videofilm, DVD og lignende",77.220
Utleie og leasing av andre husholdningsvarer og varer til personlig bruk,77.290
Utleie og leasing av landbruksmaskiner og -utstyr,77.310
Utleie og leasing av bygge- og anleggsmaskiner og -utstyr,77.320
Utleie og leasing av kontor- og datamaskiner,77.330
Utleie og leasing av sjøtransportmateriell,77.340
Utleie og leasing av lufttransportmateriell,77.350
Utleie og leasing av andre maskiner og annet utstyr og materiell ikke nevnt annet sted,77.390
"Leasing av immateriell eiendom og lignende produkter, unntatt opphavsrettsbeskyttede verker",77.400
Rekruttering og formidling av arbeidskraft,78.100
Utleie av arbeidskraft,78.200
Andre personaladministrative tjenester,78.300
Reisebyråvirksomhet,79.110
Reisearrangørvirksomhet,79.120
Annen arrangørvirksomhet og tilknyttede tjenester,79.909
Annen arrangørvirksomhet og tilknyttede tjenester,79.902
Annen arrangørvirksomhet og tilknyttede tjenester,79.901
Annen arrangørvirksomhet og tilknyttede tjenester,79.903
Private vakttjenester,80.100
Tjenester tilknyttet vakttjenester,80.200
Etterforsking,80.300
Kombinerte tjenester tilknyttet eiendomsdrift,81.109
Kombinerte tjenester tilknyttet eiendomsdrift,81.101
Rengjøring av bygninger,81.210
Utvendig rengjøring av bygninger og industriell rengjøring,81.220
Annen rengjøringsvirksomhet,81.299
Beplantning av hager og parkanlegg,81.300
Kombinerte kontortjenester,82.110
"Fotokopiering, forberedelse av dokumenter og andre spesialiserte kontortjenester",82.190
Telefonvakttjenester og telefonsalg,82.201
Telefonvakttjenester og telefonsalg,82.202
"Kongress-, messe- og utstillingsvirksomhet",82.300
Inkasso- og kredittopplysningsvirksomhet,82.910
Pakkevirksomhet,82.920
Annen forretningsmessig tjenesteyting ikke nevnt annet sted,82.990
Generell offentlig administrasjon,84.110
"Offentlig administrasjon tilknyttet helsestell, sosial virksomhet, undervisning, kirke, kultur og miljøvern",84.120
Offentlig administrasjon tilknyttet næringsvirksomhet og arbeidsmarked,84.130
Utenrikssaker,84.210
Forsvar,84.220
Retts- og fengselsvesen,84.230
Politi- og påtalemyndighet,84.240
Brannvern,84.250
Trygdeordninger underlagt offentlig forvaltning,84.300
Førskoleundervisning,85.100
Grunnskoleundervisning,85.203
Grunnskoleundervisning,85.202
Grunnskoleundervisning,85.201
Videregående opplæring innen allmennfaglige studieretninger,85.310
Videregående opplæring innen tekniske og andre yrkesfaglige studieretninger,85.320
Undervisning ved fagskoler,85.410
Undervisning på universitets- og høgskolenivå,85.429
Undervisning på universitets- og høgskolenivå,85.422
Undervisning på universitets- og høgskolenivå,85.421
Undervisning på universitets- og høgskolenivå,85.423
Undervisning innen idrett og rekreasjon,85.510
Undervisning innen kultur,85.529
Undervisning innen kultur,85.522
Undervisning innen kultur,85.521
Trafikkskoleundervisning,85.530
Annen undervisning ikke nevnt annet sted,85.599
Annen undervisning ikke nevnt annet sted,85.594
Annen undervisning ikke nevnt annet sted,85.595
Annen undervisning ikke nevnt annet sted,85.596
Annen undervisning ikke nevnt annet sted,85.592
Annen undervisning ikke nevnt annet sted,85.591
Tjenester tilknyttet undervisning,85.609
Sykehustjenester,86.103
Sykehustjenester,86.104
Sykehustjenester,86.102
Sykehustjenester,86.105
Sykehustjenester,86.101
Sykehustjenester,86.107
Sykehustjenester,86.106
Legetjeneste,86.211
Legetjeneste,86.212
Spesialisert legetjeneste,86.224
Spesialisert legetjeneste,86.223
Spesialisert legetjeneste,86.222
Spesialisert legetjeneste,86.221
Spesialisert legetjeneste,86.225
Tannhelsetjenester,86.230
Andre helsetjenester,86.903
Andre helsetjenester,86.904
Andre helsetjenester,86.906
Andre helsetjenester,86.909
Andre helsetjenester,86.901
Pleie- og omsorgstjenester i institusjon,87.101
Institusjoner og bofellesskap innen omsorg for eldre og funksjonshemmede,87.301
Institusjoner og bofellesskap innen omsorg for eldre og funksjonshemmede,87.305
Institusjoner og bofellesskap innen omsorg for eldre og funksjonshemmede,87.302
Institusjoner og bofellesskap innen omsorg for eldre og funksjonshemmede,87.304
Institusjoner og bofellesskap innen omsorg for eldre og funksjonshemmede,87.303
Andre omsorgsinstitusjoner,87.909
Andre omsorgsinstitusjoner,87.901
Sosialtjenester uten botilbud for eldre og funksjonshemmede,88.102
Sosialtjenester uten botilbud for eldre og funksjonshemmede,88.103
Sosialtjenester uten botilbud for eldre og funksjonshemmede,88.101
Andre sosialtjenester uten botilbud ikke nevnt annet sted,88.993
Andre sosialtjenester uten botilbud ikke nevnt annet sted,88.994
Andre sosialtjenester uten botilbud ikke nevnt annet sted,88.991
Andre sosialtjenester uten botilbud ikke nevnt annet sted,88.997
Andre sosialtjenester uten botilbud ikke nevnt annet sted,88.998
Andre sosialtjenester uten botilbud ikke nevnt annet sted,88.992
Andre sosialtjenester uten botilbud ikke nevnt annet sted,88.995
Andre sosialtjenester uten botilbud ikke nevnt annet sted,88.996
Utøvende kunstnere og underholdningsvirksomhet,90.019
Utøvende kunstnere og underholdningsvirksomhet,90.012
Utøvende kunstnere og underholdningsvirksomhet,90.011
Tjenester tilknyttet underholdningsvirksomhet,90.020
Selvstendig kunstnerisk virksomhet,90.039
Selvstendig kunstnerisk virksomhet,90.033
Selvstendig kunstnerisk virksomhet,90.034
Selvstendig kunstnerisk virksomhet,90.031
Selvstendig kunstnerisk virksomhet,90.035
Selvstendig kunstnerisk virksomhet,90.032
Drift av lokaler tilknyttet kunstnerisk virksomhet,90.040
Drift av biblioteker og arkiver,91.011
Drift av biblioteker og arkiver,91.012
Drift av biblioteker og arkiver,91.013
Drift av museer,91.021
Drift av museer,91.029
Drift av museer,91.022
Drift av museer,91.023
Drift av historiske steder og bygninger og lignende severdigheter,91.030
Drift av botaniske og zoologiske hager og naturreservater,91.040
Lotteri og totalisatorspill,92.000
Drift av idrettsanlegg,93.110
Idrettslag og -klubber,93.120
Treningssentre,93.130
Andre sportsaktiviteter,93.190
Drift av fornøyelses- og temaparker,93.210
Andre fritidsaktiviteter,93.292
Andre fritidsaktiviteter,93.299
Andre fritidsaktiviteter,93.291
Næringslivs- og arbeidsgiverorganisasjoner,94.110
Yrkessammenslutninger,94.120
Arbeidstakerorganisasjoner,94.200
Religiøse organisasjoner,94.910
Partipolitiske organisasjoner,94.920
Aktiviteter i andre medlemsorganisasjoner ikke nevnt annet sted,94.991
Reparasjon av datamaskiner og tilleggsutstyr,95.110
Reparasjon av kommunikasjonsutstyr,95.120
Reparasjon av elektronikk til husholdningsbruk,95.210
Reparasjon av husholdningsvarer og hageredskaper,95.220
Reparasjon av skotøy og lærvarer,95.230
Reparasjon av møbler og boliginnredning,95.240
"Reparasjon av ur, gull- og sølvvarer",95.250
Reparasjon av andre husholdningsvarer og varer til personlig bruk,95.290
Vaskeri- og renserivirksomhet,96.010
Frisering og annen skjønnhetspleie,96.020
Begravelsesbyråvirksomhet og drift av kirkegårder og krematorier,96.030
Virksomhet knyttet til kroppspleie og fysisk velvære,96.040
Personlig tjenesteyting ikke nevnt annet sted,96.090
Lønnet arbeid i private husholdninger,97.000
Internasjonale organisasjoner og organer,99.000
"Elektrisitets-, gass-, damp- og varmtvannsforsyning",35
Omsetning og drift av fast eiendom,68
"Faglig, vitenskapelig og teknisk tjenesteyting",73
"Offentlig administrasjon og forsvar, og trygdeordninger underlagt offentlig forvaltning",84
Undervisning,85
Helse- og sosialtjenester,88
Lønnet arbeid i private husholdninger,97
Internasjonale organisasjoner og organer,99
"Jordbruk og tjenester tilknyttet jordbruk, jakt og viltstell",01.5
"Jordbruk og tjenester tilknyttet jordbruk, jakt og viltstell",01.3
"Jordbruk og tjenester tilknyttet jordbruk, jakt og viltstell",01.7
Skogbruk og tjenester tilknyttet skogbruk,02.1
Skogbruk og tjenester tilknyttet skogbruk,02.2
Skogbruk og tjenester tilknyttet skogbruk,02.4
Bryting av steinkull og brunkull,05.2
Bryting av steinkull og brunkull,05.1
Utvinning av råolje og naturgass,06.2
Utvinning av råolje og naturgass,06.1
Bryting av metallholdig malm,07.2
Bryting av metallholdig malm,07.1
Bryting og bergverksdrift ellers,08.1
Bryting og bergverksdrift ellers,08.9
Tjenester tilknyttet bergverksdrift og utvinning,09.9
Tjenester tilknyttet bergverksdrift og utvinning,09.1
Produksjon av nærings- og nytelsesmidler,10.5
Produksjon av nærings- og nytelsesmidler,10.9
Produksjon av nærings- og nytelsesmidler,10.1
Produksjon av nærings- og nytelsesmidler,10.2
Produksjon av nærings- og nytelsesmidler,10.3
Produksjon av drikkevarer,11.0
Produksjon av tobakksvarer,12.0
Produksjon av tekstiler,13.3
Produksjon av tekstiler,13.2
Produksjon av tekstiler,13.1
Produksjon av klær,14.2
Produksjon av klær,14.3
Produksjon av lær og lærvarer,15.2
"Produksjon av trelast og varer av tre, kork, strå og flettematerialer, unntatt møbler",16.1
Produksjon av papir og papirvarer,17.2
Produksjon av papir og papirvarer,17.1
Trykking og reproduksjon av innspilte opptak,18.2
Produksjon av kull- og raffinerte petroleumsprodukter,19.1
Produksjon av kull- og raffinerte petroleumsprodukter,19.2
Produksjon av kjemikalier og kjemiske produkter,20.1
Produksjon av kjemikalier og kjemiske produkter,20.3
Produksjon av kjemikalier og kjemiske produkter,20.2
Produksjon av kjemikalier og kjemiske produkter,20.4
Produksjon av kjemikalier og kjemiske produkter,20.6
Produksjon av farmasøytiske råvarer og preparater,21.2
Produksjon av farmasøytiske råvarer og preparater,21.1
Produksjon av andre ikke-metallholdige mineralprodukter,23.6
Produksjon av andre ikke-metallholdige mineralprodukter,23.2
Produksjon av andre ikke-metallholdige mineralprodukter,23.5
Produksjon av andre ikke-metallholdige mineralprodukter,23.7
Produksjon av metaller,24.4
"Produksjon av metallvarer, unntatt maskiner og utstyr",25.4
Produksjon av datamaskiner og elektroniske og optiske produkter,26.7
Produksjon av datamaskiner og elektroniske og optiske produkter,26.3
Produksjon av datamaskiner og elektroniske og optiske produkter,26.6
Produksjon av datamaskiner og elektroniske og optiske produkter,26.8
Produksjon av datamaskiner og elektroniske og optiske produkter,26.4
Produksjon av datamaskiner og elektroniske og optiske produkter,26.1
Produksjon av datamaskiner og elektroniske og optiske produkter,26.2
Produksjon av elektrisk utstyr,27.2
Produksjon av elektrisk utstyr,27.9
Produksjon av elektrisk utstyr,27.4
"Produksjon av maskiner og utstyr til generell bruk, ikke nevnt annet sted",28.1
"Produksjon av maskiner og utstyr til generell bruk, ikke nevnt annet sted",28.2
Produksjon av motorvogner og tilhengere,29.2
Produksjon av motorvogner og tilhengere,29.3
Produksjon av motorvogner og tilhengere,29.1
Produksjon av andre transportmidler,30.3
Produksjon av andre transportmidler,30.4
Produksjon av andre transportmidler,30.2
Produksjon av møbler,31.0
Annen industriproduksjon,32.9
Annen industriproduksjon,32.3
Annen industriproduksjon,32.2
Annen industriproduksjon,32.4
Annen industriproduksjon,32.5
Reparasjon og installasjon av maskiner og utstyr,33.2
"Elektrisitets-, gass-, damp- og varmtvannsforsyning",35.3
"Uttak fra kilde, rensing og distribusjon av vann",36.0
Oppsamling og behandling av avløpsvann,37.0
"Innsamling, behandling, disponering og gjenvinning av avfall",38.3
"Miljørydding, miljørensing og lignende virksomhet",39.0
Oppføring av bygninger,41.1
Anleggsvirksomhet,42.2
Anleggsvirksomhet,42.1
Anleggsvirksomhet,42.9
Spesialisert bygge- og anleggsvirksomhet,43.9
Spesialisert bygge- og anleggsvirksomhet,43.3
Handel med og reparasjon av motorvogner,45.2
Handel med og reparasjon av motorvogner,45.4
Handel med og reparasjon av motorvogner,45.1
"Agentur- og engroshandel, unntatt med motorvogner",46.3
"Agentur- og engroshandel, unntatt med motorvogner",46.2
"Detaljhandel, unntatt med motorvogner",47.3
"Detaljhandel, unntatt med motorvogner",47.2
Landtransport og rørtransport,49.5
Landtransport og rørtransport,49.1
Landtransport og rørtransport,49.2
Lufttransport,51.1
Lufttransport,51.2
Lagring og andre tjenester tilknyttet transport,52.1
Post og distribusjonsvirksomhet,53.1
Post og distribusjonsvirksomhet,53.2
Overnattingsvirksomhet,55.2
Overnattingsvirksomhet,55.9
Overnattingsvirksomhet,55.1
Overnattingsvirksomhet,55.3
Serveringsvirksomhet,56.3
Serveringsvirksomhet,56.1
Forlagsvirksomhet,58.2
"Film-, video- og fjernsynsprogramproduksjon, utgivelse av musikk- og lydopptak",59.2
Radio- og fjernsynskringkasting,60.2
Radio- og fjernsynskringkasting,60.1
Telekommunikasjon,61.9
Telekommunikasjon,61.3
Telekommunikasjon,61.1
Telekommunikasjon,61.2
Tjenester tilknyttet informasjonsteknologi,62.0
Finansieringsvirksomhet,64.2
Finansieringsvirksomhet,64.3
"Forsikringsvirksomhet og pensjonskasser, unntatt trygdeordninger underlagt offentlig forvaltning",65.2
"Forsikringsvirksomhet og pensjonskasser, unntatt trygdeordninger underlagt offentlig forvaltning",65.3
Tjenester tilknyttet finansierings- og forsikringsvirksomhet,66.3
Omsetning og drift av fast eiendom,68.1
Omsetning og drift av fast eiendom,68.2
Omsetning og drift av fast eiendom,68.3
Juridisk og regnskapsmessig tjenesteyting,69.1
Juridisk og regnskapsmessig tjenesteyting,69.2
"Hovedkontortjenester, administrativ rådgivning",70.1
"Hovedkontortjenester, administrativ rådgivning",70.2
"Arkitektvirksomhet og teknisk konsulentvirksomhet, og teknisk prøving og analyse",71.2
Forskning og utviklingsarbeid,72.2
Annonse- og reklamevirksomhet og markedsundersøkelser,73.2
Annonse- og reklamevirksomhet og markedsundersøkelser,73.1
"Annen faglig, vitenskapelig og teknisk virksomhet",74.2
"Annen faglig, vitenskapelig og teknisk virksomhet",74.1
"Annen faglig, vitenskapelig og teknisk virksomhet",74.9
"Annen faglig, vitenskapelig og teknisk virksomhet",74.3
Veterinærtjenester,75.0
Utleie- og leasingvirksomhet,77.3
Utleie- og leasingvirksomhet,77.4
Utleie- og leasingvirksomhet,77.1
Arbeidskrafttjenester,78.1
Arbeidskrafttjenester,78.2
Arbeidskrafttjenester,78.3
Reisebyrå- og reisearrangørvirksomhet og tilknyttede tjenester,79.9
Vakttjeneste og etterforsking,80.3
Vakttjeneste og etterforsking,80.2
Vakttjeneste og etterforsking,80.1
Tjenester tilknyttet eiendomsdrift,81.3
Tjenester tilknyttet eiendomsdrift,81.1
Annen forretningsmessig tjenesteyting,82.3
Annen forretningsmessig tjenesteyting,82.9
Annen forretningsmessig tjenesteyting,82.2
"Offentlig administrasjon og forsvar, og trygdeordninger underlagt offentlig forvaltning",84.3
Undervisning,85.6
Undervisning,85.1
Undervisning,85.2
Helsetjenester,86.9
Helsetjenester,86.1
Pleie- og omsorgstjenester i institusjon,87.1
Pleie- og omsorgstjenester i institusjon,87.2
Pleie- og omsorgstjenester i institusjon,87.9
Pleie- og omsorgstjenester i institusjon,87.3
Sosiale omsorgstjenester uten botilbud,88.9
Sosiale omsorgstjenester uten botilbud,88.1
"Drift av biblioteker, arkiver, museer og annen kulturvirksomhet",91.0
Lotteri og totalisatorspill,92.0
Aktiviteter i medlemsorganisasjoner,94.2
Annen personlig tjenesteyting,96.0
Lønnet arbeid i private husholdninger,97.0
Internasjonale organisasjoner og organer,99.0
Dyrking av ettårige vekster,01.12
Produksjon av drikkevarer,11.06
"Handel med deler og utstyr til motorvogner, unntatt motorsykler",45.31
Engroshandel med jordbruksråvarer og levende dyr,46.23
Engroshandel med jordbruksråvarer og levende dyr,46.24
Engroshandel med nærings- og nytelsesmidler,46.39
Engroshandel med nærings- og nytelsesmidler,46.37
Engroshandel med nærings- og nytelsesmidler,46.32
Engroshandel med nærings- og nytelsesmidler,46.35
Engroshandel med husholdningsvarer og varer til personlig bruk,46.48
Engroshandel med andre maskiner og annet utstyr,46.63
Butikkhandel med nærings- og nytelsesmidler i spesialforretninger,47.24
Butikkhandel med IKT-utstyr i spesialforretninger,47.42
Annen butikkhandel i spesialforretninger,47.74
Annen butikkhandel i spesialforretninger,47.76
Annen butikkhandel i spesialforretninger,47.77
Torghandel,47.82
Oversettelses- og tolkevirksomhet,74.30
Undervisning i høyere utdanning,85.42
Dyrking av ris,01.120
Ferskvannsbasert akvakultur,03.223
"Bryting av stein til bygge- og anleggsvirksomhet, kalkstein, gips, kritt og skifer",08.113
"Bryting av stein til bygge- og anleggsvirksomhet, kalkstein, gips, kritt og skifer",08.112
Bearbeiding og konservering av fjørfekjøtt,10.120
"Bearbeiding og konservering av fisk, skalldyr og bløtdyr",10.202
"Bearbeiding og konservering av fisk, skalldyr og bløtdyr",10.201
"Bearbeiding og konservering av fisk, skalldyr og bløtdyr",10.203
"Produksjon av makaroni, nudler, couscous og lignende pastavarer",10.730
Produksjon av malt,11.060
"Produksjon av jern og stål, samt ferrolegeringer",24.101
"Produksjon av jern og stål, samt ferrolegeringer",24.102
Produksjon av løfte- og håndteringsutstyr,28.221
Bygging av skip og flytende materiell,30.111
Bygging av skip og flytende materiell,30.115
Bygging av skip og flytende materiell,30.116
Produksjon av elektrisitet,35.113
Produksjon av elektrisitet,35.111
Produksjon av elektrisitet,35.112
Produksjon av elektrisitet,35.114
Utvikling av byggeprosjekter,41.109
Utvikling av byggeprosjekter,41.101
"Agentur- og engroshandel med deler og utstyr til motorvogner, unntatt motorsykler",45.310
"Handel med motorsykler, deler og utstyr. Vedlikehold og reparasjon av motorsykler",45.401
"Handel med motorsykler, deler og utstyr. Vedlikehold og reparasjon av motorsykler",45.403
Engroshandel med levende dyr,46.230
"Engroshandel med huder, skinn og lær",46.240
Engroshandel med kjøtt og kjøttvarer,46.320
Engroshandel med drikkevarer,46.349
Engroshandel med drikkevarer,46.341
Engroshandel med tobakksvarer,46.350
"Engroshandel med kaffe, te, kakao og krydder",46.370
"Engroshandel med andre næringsmidler, herunder fisk, skalldyr og bløtdyr",46.381
Engroshandel med bredt utvalg av nærings- og nytelsesmidler,46.390
Engroshandel med klær og skotøy,46.422
Engroshandel med elektriske husholdningsapparater,46.434
Engroshandel med elektriske husholdningsapparater,46.435
"Engroshandel med kjøkkenutstyr, glass, steintøy og rengjøringsmidler",46.441
"Engroshandel med møbler, gulvbelegg, gulvtepper og belysningsutstyr",46.472
"Engroshandel med klokker, ur, gull- og sølvvarer",46.482
"Engroshandel med klokker, ur, gull- og sølvvarer",46.481
Engroshandel med husholdningsvarer og varer til personlig bruk ellers,46.492
Engroshandel med husholdningsvarer og varer til personlig bruk ellers,46.493
Engroshandel med husholdningsvarer og varer til personlig bruk ellers,46.494
Engroshandel med husholdningsvarer og varer til personlig bruk ellers,46.495
Engroshandel med husholdningsvarer og varer til personlig bruk ellers,46.491
"Engroshandel med maskiner og utstyr til bergverksdrift, olje- og gassutvinning og bygge- og anleggsvirksomhet",46.630
Engroshandel med maskiner og utstyr ellers,46.692
"Engroshandel med tømmer, trelast, byggevarer og sanitærutstyr",46.731
"Engroshandel med tømmer, trelast, byggevarer og sanitærutstyr",46.733
"Engroshandel med tømmer, trelast, byggevarer og sanitærutstyr",46.732
Engroshandel med innsatsvarer ellers,46.761
Butikkhandel med bredt vareutvalg med hovedvekt på nærings- og nytelsesmidler,47.111
"Butikkhandel med bakervarer, konditorvarer og sukkervarer",47.241
Butikkhandel med drikkevarer,47.259
Butikkhandel med drikkevarer,47.251
Butikkhandel med nærings- og nytelsesmidler ellers,47.291
Butikkhandel med nærings- og nytelsesmidler ellers,47.292
Butikkhandel med telekommunikasjonsutstyr,47.420
"Butikkhandel med jernvarer, fargevarer og glass",47.524
"Butikkhandel med tapeter, gulvtepper og gardiner",47.531
"Butikkhandel med tapeter, gulvtepper og gardiner",47.532
"Butikkhandel med tapeter, gulvtepper og gardiner",47.533
"Butikkhandel med møbler, belysningsutstyr og andre innredningsartikler",47.593
"Butikkhandel med møbler, belysningsutstyr og andre innredningsartikler",47.592
"Butikkhandel med møbler, belysningsutstyr og andre innredningsartikler",47.591
Butikkhandel med skotøy og lærvarer,47.721
Butikkhandel med skotøy og lærvarer,47.722
Butikkhandel med medisinske og ortopediske artikler,47.740
"Butikkhandel med blomster og planter, kjæledyr og fôrvarer til kjæledyr",47.761
"Butikkhandel med blomster og planter, kjæledyr og fôrvarer til kjæledyr",47.762
"Butikkhandel med ur, gull- og sølvvarer",47.771
Annen butikkhandel med andre nye varer i spesialforretninger,47.782
Annen butikkhandel med andre nye varer i spesialforretninger,47.781
Butikkhandel med brukte varer,47.791
Butikkhandel med brukte varer,47.792
"Torghandel med tekstiler, klær, skotøy og utstyrsvarer",47.820
Postordrehandel og handel via Internett,47.916
Postordrehandel og handel via Internett,47.913
Postordrehandel og handel via Internett,47.912
Postordrehandel og handel via Internett,47.911
Postordrehandel og handel via Internett,47.919
Postordrehandel og handel via Internett,47.917
Postordrehandel og handel via Internett,47.915
Postordrehandel og handel via Internett,47.914
Andre tjenester tilknyttet landtransport,52.212
Andre tjenester tilknyttet sjøtransport,52.222
Hotellvirksomhet,55.102
Hotellvirksomhet,55.101
Utleie av egen eller leid fast eiendom,68.201
"Regnskap, revisjon og skatterådgivning",69.202
"Regnskap, revisjon og skatterådgivning",69.203
"Regnskap, revisjon og skatterådgivning",69.201
Oversettelses- og tolkevirksomhet,74.300
"Annen faglig, vitenskapelig og teknisk virksomhet",74.902
Annen rengjøringsvirksomhet,81.291
Undervisning på universitets- og høgskolenivå,85.424
Annen undervisning ikke nevnt annet sted,85.593
Tjenester tilknyttet undervisning,85.601
Andre helsetjenester,86.902
Andre helsetjenester,86.905
Andre helsetjenester,86.907
Pleie- og omsorgstjenester i institusjon,87.102
"Institusjoner og bofellesskap innen omsorg for psykisk utviklingshemmede, psykisk helsearbeid og rusmiddelomsorg",87.202
"Institusjoner og bofellesskap innen omsorg for psykisk utviklingshemmede, psykisk helsearbeid og rusmiddelomsorg",87.201
"Institusjoner og bofellesskap innen omsorg for psykisk utviklingshemmede, psykisk helsearbeid og rusmiddelomsorg",87.203
Sosialtjenester uten botilbud for barn og ungdom,88.913
Sosialtjenester uten botilbud for barn og ungdom,88.912
Sosialtjenester uten botilbud for barn og ungdom,88.914
Sosialtjenester uten botilbud for barn og ungdom,88.911
Andre sosialtjenester uten botilbud ikke nevnt annet sted,88.999
Aktiviteter i andre medlemsorganisasjoner ikke nevnt annet sted,94.992
